ID;Código;Nombre del Documento;Puede tener + de 1;Categoría;Tipo de vigencia;Vigencia sugerida (días);campos documento;nombre campos;Comentario
1;ID_CEDULA_ANTIGUA_FRENTE;cedula de identidad Antigua;no;Documentos de Identidad;fecha_expiracion;—;;;
;ID_CEDULA_ANTIGUA_FRENTE;cedula de identidad Antigua;no;Documentos de Identidad;fecha_expiracion;—;primer apellido;;
;ID_CEDULA_ANTIGUA_FRENTE;cedula de identidad Antigua;no;Documentos de Identidad;fecha_expiracion;—;segundo apellido;;
;ID_CEDULA_ANTIGUA_FRENTE;cedula de identidad Antigua;no;Documentos de Identidad;fecha_expiracion;—;primer nombre;;
;ID_CEDULA_ANTIGUA_FRENTE;cedula de identidad Antigua;no;Documentos de Identidad;fecha_expiracion;—;segundo nombre;;
;ID_CEDULA_ANTIGUA_FRENTE;cedula de identidad Antigua;no;Documentos de Identidad;fecha_expiracion;—;nacionalidad;;
;ID_CEDULA_ANTIGUA_FRENTE;cedula de identidad Antigua;no;Documentos de Identidad;fecha_expiracion;—;sexo;;
;ID_CEDULA_ANTIGUA_FRENTE;cedula de identidad Antigua;no;Documentos de Identidad;fecha_expiracion;—;fecha de nacimiento;;
;ID_CEDULA_ANTIGUA_FRENTE;cedula de identidad Antigua;no;Documentos de Identidad;fecha_expiracion;—;numero de documento;;
;ID_CEDULA_ANTIGUA_FRENTE;cedula de identidad Antigua;no;Documentos de Identidad;fecha_expiracion;—;fecha de emision;;
;ID_CEDULA_ANTIGUA_FRENTE;cedula de identidad Antigua;no;Documentos de Identidad;fecha_expiracion;—;fecha de vencimiento;;
;ID_CEDULA_ANTIGUA_FRENTE;cedula de identidad Antigua;no;Documentos de Identidad;fecha_expiracion;—;run;;
;ID_CEDULA_ANTIGUA_FRENTE;cedula de identidad Antigua;no;Documentos de Identidad;fecha_expiracion;—;nacio_en;;
;ID_CEDULA_ANTIGUA_FRENTE;cedula de identidad Antigua;no;Documentos de Identidad;fecha_expiracion;—;profesion;;
2;ID_CEDULA_ANTIGUA_FRENTE;cedula de identidad nueva;no;Documentos de Identidad;fecha_expiracion;—;;;
;ID_CEDULA_ANTIGUA_FRENTE;cedula de identidad nueva;no;Documentos de Identidad;fecha_expiracion;—;primer apellido;;
;ID_CEDULA_ANTIGUA_FRENTE;cedula de identidad nueva;no;Documentos de Identidad;fecha_expiracion;—;segundo apellido;;
;ID_CEDULA_ANTIGUA_FRENTE;cedula de identidad nueva;no;Documentos de Identidad;fecha_expiracion;—;primer nombre;;
;ID_CEDULA_ANTIGUA_FRENTE;cedula de identidad nueva;no;Documentos de Identidad;fecha_expiracion;—;segundo nombre;;
;ID_CEDULA_ANTIGUA_FRENTE;cedula de identidad nueva;no;Documentos de Identidad;fecha_expiracion;—;nacionalidad;;
;ID_CEDULA_ANTIGUA_FRENTE;cedula de identidad nueva;no;Documentos de Identidad;fecha_expiracion;—;sexo;;
;ID_CEDULA_ANTIGUA_FRENTE;cedula de identidad nueva;no;Documentos de Identidad;fecha_expiracion;—;fecha de nacimiento;;
;ID_CEDULA_ANTIGUA_FRENTE;cedula de identidad nueva;no;Documentos de Identidad;fecha_expiracion;—;numero de documento;;
;ID_CEDULA_ANTIGUA_FRENTE;cedula de identidad nueva;no;Documentos de Identidad;fecha_expiracion;—;fecha de emision;;
;ID_CEDULA_ANTIGUA_FRENTE;cedula de identidad nueva;no;Documentos de Identidad;fecha_expiracion;—;fecha de vencimiento;;
;ID_CEDULA_ANTIGUA_FRENTE;cedula de identidad nueva;no;Documentos de Identidad;fecha_expiracion;—;run;;
;ID_CEDULA_ANTIGUA_FRENTE;cedula de identidad nueva;no;Documentos de Identidad;fecha_expiracion;—;nacio_en;;
3;ID_PASAPORTE;Pasaporte;no;Documentos de Identidad;fecha_expiracion;—;;;
4;ID_PERMISO_TRABAJO;Permiso trabajo extranjero;no;Documentos de Identidad;fecha_expiracion;—;;;
5;ID_FOTO_CARNET;Fotografía tamaño carnet;no;Documentos de Identidad;sin_vigencia;—;;;
6;ID_CERT_NAC;Certificado de nacimiento;no;Documentos de Identidad;periodo_desde_emision;90;;;
7;ID_CERT_DOMICILIO;Certificado domicilio/residencia;no;Documentos de Identidad;periodo_desde_emision;180;;;
8;CERT_EST_MEDIOS;Certificado estudios enseñanza media;no;Formación y Títulos;sin_vigencia;—;;;
9;CERT_TITULO_TEC;Certificado título técnico nivel superior;no;Formación y Títulos;sin_vigencia;—;;;
10;CERT_TITULO_SUP;Certificado título profesional/universitario;no;Formación y Títulos;sin_vigencia;—;;;
11;CERT_POSTGRADO_DIPLOMADO;Diplomado de especialización;si;Formación y Títulos;sin_vigencia;—;;;
12;CERT_POSTGRADO_MAGISTER;Grado académico magíster;si;Formación y Títulos;sin_vigencia;—;;;
13;CERT_POSTGRADO_DOCTORADO;Grado académico doctorado;si;Formación y Títulos;sin_vigencia;—;;;
14;CERT_PROFESIONAL_ESPECIALIZADA;Certificación profesional especializada;si;Formación y Títulos;periodo_desde_emision;1095;;;
15;LIC_INTERNA_FAENA;Licencia interna faena/mandante;no;Licencias de Conducir y Habilitaciones;fecha_expiracion;—;;;
16;ANT_PENALES;Certificado antecedentes penales;no;Antecedentes (penales, tránsito, otros);periodo_desde_emision;75;;;
17;ANT_FINES_ESP;Certificado antecedentes fines especiales;no;Antecedentes (penales, tránsito, otros);periodo_desde_emision;45;;;
18;ANT_LABORALES;Certificado antecedentes laborales;no;Antecedentes (penales, tránsito, otros);periodo_desde_emision;135;;;
19;ANT_INHABILIDADES;Certificado inhabilidades con menores;no;Antecedentes (penales, tránsito, otros);periodo_desde_emision;75;;;
20;ANT_OTRO_CERT;Otros certificados antecedentes;no;Antecedentes (penales, tránsito, otros);periodo_desde_emision;135;;;
21;ANT_HOJA_VIDA_COND;Hoja vida conductor;no;Antecedentes (penales, tránsito, otros);periodo_desde_emision;365;;;
22;ANT_ANTEC_TRANSITO;Certificado antecedentes tránsito;no;Antecedentes (penales, tránsito, otros);periodo_desde_emision;365;;;
23;LIC_CONDUCIR_A1;Licencia conducir clase A1;no;Licencias de Conducir y Habilitaciones;fecha_expiracion;—;;;
24;LIC_CONDUCIR_A2;Licencia conducir clase A2 (con restricciones);no;Licencias de Conducir y Habilitaciones;fecha_expiracion;—;;;
25;LIC_CONDUCIR_A3;Licencia conducir clase A3;no;Licencias de Conducir y Habilitaciones;fecha_expiracion;—;;;
26;LIC_CONDUCIR_A4;Licencia conducir clase A4 (con restricciones única);no;Licencias de Conducir y Habilitaciones;fecha_expiracion;—;;;
27;LIC_CONDUCIR_A5;Licencia conducir clase A5;no;Licencias de Conducir y Habilitaciones;fecha_expiracion;—;;;
28;LIC_CONDUCIR_B;Licencia conducir clase B;no;Licencias de Conducir y Habilitaciones;fecha_expiracion;—;;;
29;LIC_CONDUCIR_C;Licencia conducir clase C;no;Licencias de Conducir y Habilitaciones;fecha_expiracion;—;;;
30;LIC_CONDUCIR_D;Licencia conducir clase D;no;Licencias de Conducir y Habilitaciones;fecha_expiracion;—;;;
31;LIC_CONDUCIR_E;Licencia conducir clase E;no;Licencias de Conducir y Habilitaciones;fecha_expiracion;—;;;
32;LIC_MAQUINARIA;Licencia para maquinaria;si;Licencias de Conducir y Habilitaciones;fecha_expiracion;—;;;
33;EXAM_PREOC;Examen preocupacional periódico;no;Exámenes Médicos y Aptitud Ocupacional;periodo_desde_emision;365;;;
34;EXAM_POSOP_ANUAL;Examen posocupacional periódico;no;Exámenes Médicos y Aptitud Ocupacional;periodo_desde_emision;365;;;
35;EXAM_ALTURA_FISICA;Examen trabajo en altura física;no;Exámenes Médicos y Aptitud Ocupacional;periodo_desde_emision;365;;;
36;EXAM_ALTURA_VISION;Examen trabajo en altura geográfica;no;Exámenes Médicos y Aptitud Ocupacional;periodo_desde_emision;365;;;
37;EXAM_PSICO_MINERIA;Examen psicoemocional;no;Exámenes Médicos y Aptitud Ocupacional;periodo_desde_emision;365;;;
38;EXAM_PSICOTECH;Examen psicotecnico;no;Exámenes Médicos y Aptitud Ocupacional;periodo_desde_emision;365;;;
39;EXAM_ALCOHOL_DROGAS;Examen alcohol y drogas;no;Exámenes Médicos y Aptitud Ocupacional;periodo_desde_emision;365;;;
40;EXAM_BATERIA_OCUPACIONAL;Batería ocupacional metalúrgica;no;Exámenes Médicos y Aptitud Ocupacional;periodo_desde_emision;365;;;
41;EXAM_AVIACION_RIESGO;Examen aviación de riesgo;no;Exámenes Médicos y Aptitud Ocupacional;periodo_desde_emision;365;;;
42;EXAM_VISION;Examen de visión;no;Exámenes Médicos y Aptitud Ocupacional;periodo_desde_emision;365;;;
43;EXAM_AUDIOMETRIA;Examen audiometría;no;Exámenes Médicos y Aptitud Ocupacional;periodo_desde_emision;365;;;
44;EXAM_OHNO_OCUPACIO;Examen oftalmológico;no;Exámenes Médicos y Aptitud Ocupacional;periodo_desde_emision;365;;;
45;CERT_TRABAJO_ALTURA;Certificado trabajo en altura;no;Certificaciones y Cursos HEC / Técnicas;periodo_desde_emision;365;;;
46;CERT_ESPACIOS_CONF;Certificado espacios confinados;no;Certificaciones y Cursos HEC / Técnicas;periodo_desde_emision;365;;;
47;CERT_PRIM_AUXILIOS;Certificado primeros auxilios;no;Certificaciones y Cursos HEC / Técnicas;periodo_desde_emision;730;;;
48;CERT_RCP;Certificado RCP;no;Certificaciones y Cursos HEC / Técnicas;periodo_desde_emision;365;;;
49;CERT_EXTINCION_INCEND;Certificado extinción incendio;no;Certificaciones y Cursos HEC / Técnicas;periodo_desde_emision;365;;;
50;CERT_MANEJO_DEFENSIVO;Curso manejo defensivo;no;Certificaciones y Cursos HEC / Técnicas;periodo_desde_emision;365;;;
51;CERT_MANEJO_DEF_SIM;Curso manejo defensivo simulador;no;Certificaciones y Cursos HEC / Técnicas;periodo_desde_emision;365;;;
52;CERT_ISAM_RIESGO;Certificado ISAM;no;Certificaciones y Cursos HEC / Técnicas;periodo_desde_emision;365;;;
53;CERT_MATERIALES_PELIG;Certificado materiales peligrosos;no;Certificaciones y Cursos HEC / Técnicas;periodo_desde_emision;365;;;
54;CERT_COMP_OTEC;Certificado competencias OTEC;no;Certificaciones y Cursos HEC / Técnicas;periodo_desde_emision;365;;;
55;CERT_EXAMENES_PRACT;Certificado exámenes prácticos;no;Certificaciones y Cursos HEC / Técnicas;periodo_desde_emision;365;;;
56;CERT_ANDAMIOS;Certificado montaje andamios;no;Certificaciones y Cursos HEC / Técnicas;periodo_desde_emision;365;;;
57;CERT_SISTEMAS_IZAJE;Certificado sistemas izaje;no;Certificaciones y Cursos HEC / Técnicas;periodo_desde_emision;365;;;
58;CERT_RIGGER;Certificado señalero;no;Certificaciones y Cursos HEC / Técnicas;periodo_desde_emision;365;;;
59;CERT_MANEJO_GPS;Certificado manejo GPS;no;Certificaciones y Cursos HEC / Técnicas;periodo_desde_emision;365;;;
60;CERT_CARGA_PELIGROSA;Certificado carga peligrosa;no;Certificaciones y Cursos HEC / Técnicas;periodo_desde_emision;365;;;
61;CERT_NACOGAMAT;Certificado NACOGAMAT;no;Certificaciones y Cursos HEC / Técnicas;periodo_desde_emision;365;;;
62;CERT_FATIGA;Certificado fatiga;no;Certificaciones y Cursos HEC / Técnicas;periodo_desde_emision;365;;;
63;CERT_GRUA_VIAJANTE;Certificado Grúa Viajante (Puente Grúa);no;Certificaciones y Cursos HEC / Técnicas;periodo_desde_emision;730;;;
64;CERT_GUARDIA_ARMADO;Certificado Guardia Armado;no;Certificaciones y Cursos HEC / Técnicas;periodo_desde_emision;365;;;
65;CERT_MANEJO_RESIDUOS;Certificado Manejo de Residuos Peligrosos y No Peligrosos;no;Certificaciones y Cursos HEC / Técnicas;periodo_desde_emision;365;;;
66;CERT_CONTROL_ACCESO;Certificado Control de Acceso a Faena;no;Certificaciones y Cursos HEC / Técnicas;periodo_desde_emision;730;;;
67;CERT_TRANSENTE_CUSTOM;Certificado Transeúnte Customizado;no;Certificaciones y Cursos HEC / Técnicas;periodo_desde_emision;365;;;
68;LAB_CONTRATO;Contrato de trabajo;no;Documentos Laborales;periodo_activo;—;;;
69;LAB_ANEXO_MODIF_CONTRATO;Anexo modificación contrato de trabajo;si;Documentos Laborales;periodo_activo;—;;;
70;LAB_ANEXO_MODIF_FAENA;Anexo modificación faena;si;Documentos Laborales;periodo_activo;—;;;
71;LAB_ANEXO_CONVERSION_C;Anexo conversión contrato;si;Documentos Laborales;periodo_activo;—;;;
72;LAB_FINIQUITO;Finiquito;no;Documentos Laborales;sin_vigencia;—;;;
73;LAB_PRINCIPIO_ADT;Finiquito Salario con CCO;no;Documentos Laborales;sin_vigencia;—;;;
74;LAB_PRINCIPIO_PAGADOR;Finiquito principio pagador;no;Documentos Laborales;sin_vigencia;—;;;
75;LAB_CERT_EXPERIENCIA;Certificado experiencia laboral;no;Documentos Laborales;sin_vigencia;—;;;
76;LAB_LIK_CIS;Liquidación sueldo;si;Documentos Laborales;sin_vigencia;—;;;
77;LAB_LIK_INTERN;Liquidación compensaciones;si;Documentos Laborales;sin_vigencia;—;;;
78;LAB_CERT_RENTA;Certificado de renta;no;Documentos Laborales;periodo_desde_emision;30;;;
79;LAB_CERT_SALUD;Certificado cotizaciones salud;no;Documentos Laborales;periodo_desde_emision;30;;;
80;LAB_CERT_AFP;Certificado cotizaciones AFP;no;Documentos Laborales;periodo_desde_emision;30;;;
81;LAB_PREVIRED;Comprobante pago Previred;si;Documentos Laborales;periodo_desde_emision;30;;;
82;LAB_DECL_SUBALTER;Declaración contrato subalterno;no;Documentos Laborales;periodo_desde_emision;365;;;
83;LAB_ACUERDO_NEGOCIA;Acuerdo negociación;si;Documentos Laborales;periodo_activo;—;;;
84;LAB_CONSENT_DATOS;Consentimiento tratamiento datos personales;no;Documentos Laborales;sin_vigencia;365;;;
85;LAB_RIESG_ACCI_POL_SEG;Riesgos accidente póliza seguros y responsabilidad civil;no;Documentos Laborales;periodo_activo;—;;;
86;LAB_ANEXO_JORNADA_EXCEP;Anexo Jornada Excepcional;no;Documentos Laborales;periodo_activo;—;;;
87;LAB_DECL_SOC_PAREJA;Declaración socio/pareja Transelec;no;Documentos Laborales;sin_vigencia;—;;;
88;LAB_REG_INDIC_CLIENTE;Registro Inducción cliente/faena al trabajador;si;Documentos Laborales;periodo_desde_emision;365;;;
89;LAB_REG_DUL_CCO;Registro DUL-CCO;si;Documentos Laborales;sin_vigencia;730;;;
90;LAB_REG_RI_MANDANTE;Registro RI mastercertización;si;Documentos Laborales;periodo_desde_emision;365;;;
91;LAB_VIGENCIA_CUENTA;Vigencia cuenta bancaria;no;Documentos Laborales;periodo_desde_emision;1825;;;
92;LAB_LICENCIA_MEDICA;Licencia médica trabajador;si;Documentos Laborales;sin_vigencia;1825;;;
93;LAB_RENUNCIA;Carta de renuncia;no;Documentos Laborales;sin_vigencia;—;;;
94;LAB_EVAL_DESEMP_ANUAL;Evaluación desempeño anual;si;Documentos Laborales;sin_vigencia;365;;;
95;LAB_FORM_ENVIO_CCO;Formulario envio CCO;no;Documentos Laborales;sin_vigencia;—;;;
96;LAB_REGL_MANDANTE;Reglamento interno Reglamento interno MANDANTE;no;Documentos Laborales;sin_vigencia;—;;;
97;LAB_EPP_RECIBIDO;Registro entrega EPP;si;Documentos Laborales;sin_vigencia;730;;;
98;LAB_RECEP_NOTIFICACION_INDEL;Recepción notificación INDEL trabajador art EPP y otros implementos;si;Documentos Laborales;sin_vigencia;365;;;
99;LAB_FICHA_PERSONAL;Ficha personal;no;Documentos Laborales;sin_vigencia;—;;;
100;LAB_FORM_EXTRALABORAL;Formulario Encuesta de Riesgo Factores Psicosociales Laborales y Extralaborales;no;Documentos Laborales;periodo_desde_emision;730;;;
101;IND_REG_ATENCILES;Certificado presenciales Atención Cliente;si;Inducciones;sin_vigencia;135;;;
102;IND_SENALIZACIONES;Certificado Señalizaciones;no;Inducciones;sin_vigencia;—;;;
103;ARR_VIVA_VIDA_COND;Pago mes conductor;si;Arrendamientos (vehículos, terrenos, equipos);sin_vigencia;365;;;
104;ARR_PADRUNG_VEHICULO;Padrung de vehículo;no;Arrendamientos (vehículos, terrenos, equipos);periodo_activo;—;;;
105;ARR_CONTRATO_VIVIENDA;Contrato vivienda arrendamiento;no;Arrendamientos (vehículos, terrenos, equipos);periodo_activo;—;;;
106;ARR_OTROS_CERT;Otros arrendamientos o independiente;si;Arrendamientos (vehículos, terrenos, equipos);sin_vigencia;135;;;